symboling,normalized-losses,num-of-doors,wheel-base,length,width,height,curb-weight,num-of-cylinders,engine-size,bore,stroke,compression-ratio,horsepower,peak-rpm,city-mpg,highway-mpg,price,city-L/100km,diesel,gas,horsepower_ordinal,body-style_convertible,body-style_hardtop,body-style_hatchback,body-style_sedan,body-style_wagon,drive-wheels_4wd,drive-wheels_awd,drive-wheels_fwd,drive-wheels_rwd,aspiration_std,aspiration_turbo,engine-type_dohc,engine-type_l,engine-type_ohc,engine-type_ohcf,engine-type_ohcv,engine-type_rotor,engine-location_front,engine-location_rear,fuel-system_1bbl,fuel-system_2bbl,fuel-system_4bbl,fuel-system_idi,fuel-system_mfi,fuel-system_mpfi,fuel-system_spdi,fuel-system_spfi,make_freq
1.0,122,0.0,88.6,0.8111484863046613,0.8902777777777777,48.8,0.41117145073700545,0.2,0.26037735849056604,3.47,2.68,9.0,0.294392523364486,0.346938775510204,0.22222222222222215,0.2894736842105263,0.20795888982672162,11.190476190476188,0,1,1,1,0,0,0,0,0,0,0,1,1,0,1,0,0,0,0,0,1,0,0,0,0,0,0,1,0,0,0.014925373134328358
1.0,122,0.0,88.6,0.8111484863046613,0.8902777777777777,48.8,0.41117145073700545,0.2,0.26037735849056604,3.47,2.68,9.0,0.294392523364486,0.346938775510204,0.22222222222222215,0.2894736842105263,0.2825579663373219,11.190476190476188,0,1,1,1,0,0,0,0,0,0,0,1,1,0,1,0,0,0,0,0,1,0,0,0,0,0,0,1,0,0,0.014925373134328358
0.6000000000000001,122,0.0,94.5,0.8226814031715521,0.9097222222222222,52.4,0.5178432893716058,0.4000000000000001,0.3433962264150943,2.68,3.47,9.0,0.4953271028037383,0.346938775510204,0.16666666666666669,0.26315789473684204,0.2825579663373219,12.36842105263158,0,1,1,0,0,1,0,0,0,0,0,1,1,0,0,0,0,0,1,0,1,0,0,0,0,0,0,1,0,0,0.014925373134328358
0.8,164,1.0,99.8,0.8486304661220567,0.9194444444444444,54.3,0.3293250581846392,0.2,0.18113207547169813,3.19,3.4,10.0,0.2523364485981308,0.5510204081632655,0.3055555555555555,0.368421052631579,0.21925425748473265,9.791666666666666,0,1,1,0,0,0,1,0,0,0,1,0,1,0,0,0,1,0,0,0,1,0,0,0,0,0,0,1,0,0,0.03482587064676617
0.8,164,1.0,99.4,0.8486304661220567,0.9222222222222224,54.3,0.5182311869666407,0.3,0.2830188679245283,3.19,3.4,8.0,0.31308411214953275,0.5510204081632655,0.1388888888888889,0.1578947368421053,0.30614170100789434,13.055555555555555,0,1,1,0,0,0,1,0,1,0,0,0,1,0,0,0,1,0,0,0,1,0,0,0,0,0,0,1,0,0,0.03482587064676617
0.8,122,0.0,99.8,0.8519942335415667,0.9208333333333332,53.1,0.3952676493405741,0.3,0.2830188679245283,3.19,3.4,8.5,0.2897196261682243,0.5510204081632655,0.16666666666666669,0.23684210526315785,0.25152673650762125,12.36842105263158,0,1,1,0,0,0,1,0,0,0,1,0,1,0,0,0,1,0,0,0,1,0,0,0,0,0,0,1,0,0,0.03482587064676617
0.6000000000000001,158,1.0,105.8,0.9259971167707832,0.9916666666666668,55.7,0.525989138867339,0.3,0.2830188679245283,3.19,3.4,8.5,0.2897196261682243,0.5510204081632655,0.16666666666666669,0.23684210526315785,0.3125961968124721,12.36842105263158,0,1,1,0,0,0,1,0,0,0,1,0,1,0,0,0,1,0,0,0,1,0,0,0,0,0,0,1,0,0,0.03482587064676617
0.6000000000000001,122,1.0,105.8,0.9259971167707832,0.9916666666666668,55.7,0.5686578743211792,0.3,0.2830188679245283,3.19,3.4,8.5,0.2897196261682243,0.5510204081632655,0.16666666666666669,0.23684210526315785,0.3426344272876223,12.36842105263158,0,1,1,0,0,0,0,1,0,0,1,0,1,0,0,0,1,0,0,0,1,0,0,0,0,0,0,1,0,0,0.03482587064676617
0.6000000000000001,158,1.0,105.8,0.9259971167707832,0.9916666666666668,55.9,0.6198603568657874,0.3,0.2641509433962264,3.13,3.4,8.3,0.42990654205607476,0.5510204081632655,0.1111111111111111,0.10526315789473684,0.46564222233255553,13.823529411764708,0,1,1,0,0,0,1,0,0,0,1,0,0,1,0,0,1,0,0,0,1,0,0,0,0,0,0,1,0,0,0.03482587064676617
0.8,192,0.0,101.2,0.8495915425276309,0.8999999999999999,54.3,0.35182311869666405,0.2,0.17735849056603775,3.5,2.8,8.8,0.24766355140186913,0.6734693877551019,0.27777777777777773,0.3421052631578947,0.28082021746685865,10.217391304347826,0,1,0,0,0,0,1,0,0,0,0,1,1,0,0,0,1,0,0,0,1,0,0,0,0,0,0,1,0,0,0.04477611940298507
0.4,192,1.0,101.2,0.8495915425276309,0.8999999999999999,54.3,0.35182311869666405,0.2,0.17735849056603775,3.5,2.8,8.8,0.24766355140186913,0.6734693877551019,0.27777777777777773,0.3421052631578947,0.12789831686609404,10.217391304347826,0,1,0,0,0,0,1,0,0,0,0,1,1,0,0,0,1,0,0,0,1,0,0,0,0,0,0,1,0,0,0.04477611940298507
0.4,188,0.0,101.2,0.8495915425276309,0.8999999999999999,54.3,0.474010861132661,0.4000000000000001,0.38867924528301884,3.31,3.19,9.0,0.34112149532710284,0.04081632653061229,0.22222222222222215,0.3157894736842105,0.3935256442083313,11.190476190476188,0,1,1,0,0,0,1,0,0,0,0,1,1,0,0,0,1,0,0,0,1,0,0,0,0,0,0,1,0,0,0.04477611940298507
0.4,188,1.0,101.2,0.8495915425276309,0.8999999999999999,54.3,0.495345228859581,0.4000000000000001,0.38867924528301884,3.31,3.19,9.0,0.34112149532710284,0.04081632653061229,0.22222222222222215,0.3157894736842105,0.396877017029939,11.190476190476188,0,1,1,0,0,0,1,0,0,1,0,0,1,0,0,0,1,0,0,0,1,0,0,0,0,0,0,1,0,0,0.04477611940298507
0.6000000000000001,122,1.0,103.5,0.9082172032676598,0.9291666666666668,55.7,0.6078355314197053,0.4000000000000001,0.38867924528301884,3.31,3.19,9.0,0.34112149532710284,0.04081632653061229,0.19444444444444448,0.23684210526315785,0.48277146119855024,11.75,0,1,1,0,0,0,1,0,0,0,0,1,1,0,0,0,1,0,0,0,1,0,0,0,0,0,0,1,0,0,0.04477611940298507
0.4,122,1.0,103.5,0.9082172032676598,0.9291666666666668,55.7,0.6757176105508145,0.4000000000000001,0.558490566037736,3.62,3.39,8.0,0.6261682242990654,0.5102040816326532,0.08333333333333331,0.1578947368421053,0.6365622362345464,14.6875,0,1,2,0,0,0,1,0,0,0,0,1,1,0,0,0,1,0,0,0,1,0,0,0,0,0,0,1,0,0,0.04477611940298507
0.4,122,1.0,103.5,0.9312830370014415,0.9430555555555556,53.7,0.7339022498060512,0.4000000000000001,0.558490566037736,3.62,3.39,8.0,0.6261682242990654,0.5102040816326532,0.08333333333333331,0.1578947368421053,0.8985899409165385,14.6875,0,1,2,0,0,0,1,0,0,0,0,1,1,0,0,0,1,0,0,0,1,0,0,0,0,0,0,1,0,0,0.04477611940298507
0.4,122,1.0,110.0,0.9466602594906296,0.9847222222222224,56.3,0.7823894491854151,0.4000000000000001,0.558490566037736,3.62,3.39,8.0,0.6261682242990654,0.5102040816326532,0.055555555555555525,0.10526315789473684,0.7884911374807606,15.666666666666664,0,1,2,0,0,0,1,0,0,0,0,1,1,0,0,0,1,0,0,0,1,0,0,0,0,0,0,1,0,0,0.04477611940298507
0.8,121,0.0,88.4,0.6780394041326285,0.8374999999999999,53.2,0.0,0.10000000000000003,0.0,2.91,3.03,9.5,0.0,0.3877551020408163,0.9444444444444444,0.9736842105263157,0.0008192244675040983,5.0,0,1,0,0,0,1,0,0,0,0,1,0,1,0,0,1,0,0,0,0,1,0,0,1,0,0,0,0,0,0,0.014925373134328358
0.6000000000000001,98,0.0,94.5,0.7491590581451226,0.8833333333333333,52.0,0.14972847168347558,0.2,0.10943396226415092,3.03,3.11,9.6,0.10280373831775702,0.5102040816326532,0.6944444444444444,0.7105263157894737,0.029219006007646098,6.184210526315789,0,1,0,0,0,1,0,0,0,0,1,0,1,0,0,0,1,0,0,0,1,0,0,0,0,0,0,1,0,0,0.014925373134328358
0.4,81,1.0,94.5,0.7630946660259491,0.8833333333333333,52.0,0.1633048875096974,0.2,0.10943396226415092,3.03,3.11,9.6,0.10280373831775702,0.5102040816326532,0.6944444444444444,0.7105263157894737,0.03617000148949903,6.184210526315789,0,1,0,0,0,0,1,0,0,0,1,0,1,0,0,0,1,0,0,0,1,0,0,1,0,0,0,0,0,0,0.014925373134328358
0.6000000000000001,118,0.0,93.7,0.7558865929841423,0.8861111111111111,50.8,0.15050426687354534,0.2,0.10943396226415092,2.97,3.23,9.41,0.2196261682242991,0.5510204081632655,0.6666666666666665,0.6578947368421053,0.01127054267414726,6.351351351351353,0,1,0,0,0,1,0,0,0,0,1,0,1,0,0,0,1,0,0,0,1,0,0,1,0,0,0,0,0,0,0.04477611940298507
0.6000000000000001,118,0.0,93.7,0.7558865929841423,0.8861111111111111,50.8,0.15050426687354534,0.2,0.10943396226415092,2.97,3.23,9.4,0.09345794392523366,0.5510204081632655,0.49999999999999994,0.5789473684210527,0.03125465468447444,7.580645161290323,0,1,0,0,0,1,0,0,0,0,1,0,1,0,0,0,1,0,0,0,1,0,0,1,0,0,0,0,0,0,0.04477611940298507
0.6000000000000001,118,0.0,93.7,0.7558865929841423,0.8861111111111111,50.8,0.24825446082234293,0.2,0.139622641509434,3.03,3.39,7.6,0.2523364485981308,0.5510204081632655,0.3055555555555555,0.368421052631579,0.07047812918921603,9.791666666666666,0,1,1,0,0,1,0,0,0,0,1,0,0,1,0,0,1,0,0,0,1,0,0,0,0,0,0,1,0,0,0.04477611940298507
0.6000000000000001,148,1.0,93.7,0.7558865929841423,0.8861111111111111,50.6,0.18580294802172226,0.2,0.10943396226415092,2.97,3.23,9.4,0.09345794392523366,0.5510204081632655,0.49999999999999994,0.5789473684210527,0.0275805570726379,7.580645161290323,0,1,0,0,0,1,0,0,0,0,1,0,1,0,0,0,1,0,0,0,1,0,0,1,0,0,0,0,0,0,0.04477611940298507
0.6000000000000001,148,1.0,93.7,0.7558865929841423,0.8861111111111111,50.6,0.1943366951124903,0.2,0.10943396226415092,2.97,3.23,9.4,0.09345794392523366,0.5510204081632655,0.49999999999999994,0.5789473684210527,0.039074524601558996,7.580645161290323,0,1,0,0,0,0,1,0,0,0,1,0,1,0,0,0,1,0,0,0,1,0,0,1,0,0,0,0,0,0,0.04477611940298507
0.6000000000000001,148,1.0,93.7,0.7558865929841423,0.8861111111111111,50.6,0.1943366951124903,0.2,0.10943396226415092,2.97,3.23,9.4,0.09345794392523366,0.5510204081632655,0.49999999999999994,0.5789473684210527,0.06183903480462738,7.580645161290323,0,1,0,0,0,0,1,0,0,0,1,0,1,0,0,0,1,0,0,0,1,0,0,1,0,0,0,0,0,0,0.04477611940298507
0.6000000000000001,148,1.0,93.7,0.7558865929841423,0.8861111111111111,50.6,0.2726920093095423,0.2,0.139622641509434,3.03,3.39,7.6,0.2523364485981308,0.5510204081632655,0.3055555555555555,0.368421052631579,0.08539794449133609,9.791666666666666,0,1,1,0,0,0,1,0,0,0,1,0,0,1,0,0,1,0,0,0,1,0,0,0,0,0,0,1,0,0,0.04477611940298507
0.2,110,1.0,103.3,0.8390197020663143,0.8972222222222221,59.8,0.40612878200155156,0.2,0.23018867924528302,3.34,3.46,8.5,0.1869158878504673,0.346938775510204,0.3055555555555555,0.368421052631579,0.09440941363388114,9.791666666666666,0,1,0,0,0,0,0,1,0,0,1,0,1,0,0,0,1,0,0,0,1,0,0,1,0,0,0,0,0,0,0.04477611940298507
1.0,145,0.0,95.9,0.8322921672272945,0.9208333333333332,50.2,0.513188518231187,0.2,0.3584905660377358,3.6,3.9,7.0,0.4532710280373831,0.346938775510204,0.16666666666666669,0.21052631578947367,0.1947768233950648,12.36842105263158,0,1,1,0,0,1,0,0,0,0,1,0,0,1,0,0,1,0,0,0,1,0,0,0,0,0,1,0,0,0,0.04477611940298507
0.8,137,0.0,86.6,0.6948582412301778,0.8875,50.8,0.08727695888285492,0.2,0.11698113207547167,2.91,3.41,9.6,0.04672897196261683,0.26530612244897966,0.9999999999999998,1.0,0.033786803038578006,4.795918367346938,0,1,0,0,0,1,0,0,0,0,1,0,1,0,0,0,1,0,0,0,1,0,1,0,0,0,0,0,0,0,0.05970149253731343
0.8,137,0.0,86.6,0.6948582412301778,0.8875,50.8,0.12839410395655548,0.2,0.11698113207547167,2.91,3.41,9.2,0.13084112149532712,0.7551020408163265,0.49999999999999994,0.5789473684210527,0.043120996971351966,7.580645161290323,0,1,0,0,0,1,0,0,0,0,1,0,1,0,0,0,1,0,0,0,1,0,1,0,0,0,0,0,0,0,0.03482587064676617
0.6000000000000001,101,0.0,93.7,0.7208073041806824,0.8888888888888888,52.6,0.1353762606671839,0.2,0.06792452830188678,2.91,3.07,10.1,0.05607476635514019,0.5510204081632655,0.6944444444444444,0.6842105263157894,0.006975820465716681,6.184210526315789,0,1,0,0,0,1,0,0,0,0,1,0,1,0,0,0,1,0,0,0,1,0,1,0,0,0,0,0,0,0,0.05970149253731343
0.6000000000000001,101,0.0,93.7,0.7208073041806824,0.8888888888888888,52.6,0.1753297129557797,0.2,0.11698113207547167,2.91,3.41,9.2,0.13084112149532712,0.7551020408163265,0.47222222222222215,0.4736842105263157,0.035028052231766055,7.833333333333332,0,1,0,0,0,1,0,0,0,0,1,0,1,0,0,0,1,0,0,0,1,0,1,0,0,0,0,0,0,0,0.05970149253731343
0.6000000000000001,101,0.0,93.7,0.7208073041806824,0.8888888888888888,52.6,0.18153607447633824,0.2,0.11698113207547167,2.91,3.41,9.2,0.13084112149532712,0.7551020408163265,0.47222222222222215,0.4736842105263157,0.049923042550022334,7.833333333333332,0,1,0,0,0,1,0,0,0,0,1,0,1,0,0,0,1,0,0,0,1,0,1,0,0,0,0,0,0,0,0.05970149253731343
0.4,110,1.0,96.5,0.7851994233541567,0.8888888888888888,54.5,0.20248254460822346,0.2,0.11698113207547167,2.91,3.41,9.2,0.13084112149532712,0.7551020408163265,0.47222222222222215,0.4736842105263157,0.05404398987140657,7.833333333333332,0,1,0,0,0,0,1,0,0,0,1,0,1,0,0,0,1,0,0,0,1,0,1,0,0,0,0,0,0,0,0.05970149253731343
0.4,78,1.0,96.5,0.7549255165785679,0.8875,58.3,0.20791311093871212,0.2,0.11698113207547167,2.92,3.41,9.2,0.13084112149532712,0.7551020408163265,0.47222222222222215,0.4736842105263157,0.12789831686609404,7.833333333333332,0,1,0,0,0,0,0,1,0,0,1,0,1,0,0,0,1,0,0,0,1,0,1,0,0,0,0,0,0,0,0.05970149253731343
0.4,106,0.0,96.5,0.8049014896684287,0.9055555555555556,53.3,0.29014740108611325,0.2,0.1849056603773585,3.15,3.58,9.0,0.17757009345794394,0.6734693877551019,0.3888888888888889,0.4473684210526315,0.06893898018966288,8.703703703703704,0,1,0,0,0,1,0,0,0,0,1,0,1,0,0,0,1,0,0,0,1,0,1,0,0,0,0,0,0,0,0.05970149253731343
0.4,106,0.0,96.5,0.8049014896684287,0.9055555555555556,53.3,0.3107059736229635,0.2,0.1849056603773585,3.15,3.58,9.0,0.17757009345794394,0.6734693877551019,0.3888888888888889,0.4473684210526315,0.09872896082617547,8.703703703703704,0,1,0,0,0,1,0,0,0,0,1,0,1,0,0,0,1,0,0,0,1,0,1,0,0,0,0,0,0,0,0.05970149253731343
0.4,85,1.0,96.5,0.8428640076886112,0.9055555555555556,54.1,0.31652443754848725,0.2,0.1849056603773585,3.15,3.58,9.0,0.17757009345794394,0.6734693877551019,0.3888888888888889,0.4473684210526315,0.09252271486023533,8.703703703703704,0,1,0,0,0,0,1,0,0,0,1,0,1,0,0,0,1,0,0,0,1,0,1,0,0,0,0,0,0,0,0.05970149253731343
0.4,85,1.0,96.5,0.8428640076886112,0.8680555555555556,54.1,0.34290147401086113,0.2,0.1849056603773585,3.15,3.58,9.0,0.17757009345794394,0.6734693877551019,0.3888888888888889,0.4473684210526315,0.12851894146268805,8.703703703703704,0,1,0,0,0,0,1,0,0,0,1,0,1,0,0,0,1,0,0,0,1,0,1,0,0,0,0,0,0,0,0.05970149253731343
0.4,85,1.0,96.5,0.8428640076886112,0.9055555555555556,54.1,0.3789759503491078,0.2,0.1849056603773585,3.15,3.58,9.0,0.24766355140186913,0.6734693877551019,0.3055555555555555,0.3157894736842105,0.19430514870165333,9.791666666666666,0,1,0,0,0,0,1,0,0,0,1,0,1,0,0,0,1,0,0,0,1,0,0,0,0,0,0,1,0,0,0.05970149253731343
0.6000000000000001,107,0.0,96.5,0.8125901009130225,0.9166666666666666,51.0,0.3122575640031032,0.2,0.1849056603773585,3.15,3.58,9.1,0.24299065420560745,0.5510204081632655,0.3333333333333333,0.39473684210526316,0.12976019065587607,9.4,0,1,0,0,0,0,1,0,0,0,1,0,1,0,0,0,1,0,0,0,1,0,0,1,0,0,0,0,0,0,0.05970149253731343
0.4,122,1.0,94.3,0.8202787121576165,0.8583333333333333,53.5,0.3293250581846392,0.2,0.18867924528301888,3.31,3.23,8.5,0.14018691588785048,0.26530612244897966,0.3055555555555555,0.3421052631578947,0.041383248100888725,9.791666666666666,0,1,0,0,0,0,1,0,0,0,0,1,1,0,0,0,1,0,0,0,1,0,0,1,0,0,0,0,0,0,0.009950248756218905
0.8,122,0.0,96.0,0.8294089380105718,0.9055555555555556,51.4,0.4833204034134988,0.2,0.2188679245283019,3.43,3.23,9.2,0.19626168224299068,0.346938775510204,0.3055555555555555,0.3421052631578947,0.14721215431209972,9.791666666666666,0,1,0,0,0,1,0,0,0,0,0,1,1,0,0,0,1,0,0,0,1,0,0,0,0,0,0,0,0,1,0.009950248756218905
0.4,145,1.0,113.0,0.9591542527630946,0.9666666666666666,52.8,1.0,0.4000000000000001,0.7433962264150944,3.63,4.17,8.1,0.5981308411214954,0.24489795918367352,0.055555555555555525,0.07894736842105265,0.6735514621915497,15.666666666666664,0,1,2,0,0,0,1,0,0,0,0,1,1,0,1,0,0,0,0,0,1,0,0,0,0,0,0,1,0,0,0.014925373134328358
0.4,122,1.0,113.0,0.9591542527630946,0.9666666666666666,52.8,1.0,0.4000000000000001,0.7433962264150944,3.63,4.17,8.1,0.5981308411214954,0.24489795918367352,0.055555555555555525,0.07894736842105265,0.7554739089419593,15.666666666666664,0,1,2,0,0,0,1,0,0,0,0,1,1,0,1,0,0,0,0,0,1,0,0,0,0,0,0,1,0,0,0.014925373134328358
0.4,122,0.0,102.0,0.921191734742912,0.9805555555555556,47.8,0.9550038789759503,1.0000000000000002,1.0,3.54,2.76,11.5,0.9999999999999998,0.346938775510204,0.0,0.02631578947368418,0.7666451516806514,18.07692307692308,0,1,0,0,0,0,1,0,0,0,0,1,1,0,0,0,0,0,1,0,1,0,0,0,0,0,0,1,0,0,0.014925373134328358
0.6000000000000001,104,0.0,93.1,0.7645362806343105,0.8916666666666667,54.1,0.15593483320403412,0.2,0.1132075471698113,3.03,3.15,9.0,0.09345794392523366,0.346938775510204,0.47222222222222215,0.39473684210526316,0.0019115237575095534,7.833333333333332,0,1,0,0,0,1,0,0,0,0,1,0,1,0,0,0,1,0,0,0,1,0,0,1,0,0,0,0,0,0,0.0845771144278607
0.6000000000000001,104,0.0,93.1,0.7645362806343105,0.8916666666666667,54.1,0.15981380915438326,0.2,0.1132075471698113,3.03,3.15,9.0,0.09345794392523366,0.346938775510204,0.49999999999999994,0.5789473684210527,0.024254009234893986,7.580645161290323,0,1,0,0,0,1,0,0,0,0,1,0,1,0,0,0,1,0,0,0,1,0,0,1,0,0,0,0,0,0,0.0845771144278607
0.6000000000000001,104,0.0,93.1,0.7645362806343105,0.8916666666666667,54.1,0.16175329712955777,0.2,0.1132075471698113,3.03,3.15,9.0,0.09345794392523366,0.346938775510204,0.49999999999999994,0.5789473684210527,0.041631497939526335,7.580645161290323,0,1,0,0,0,1,0,0,0,0,1,0,1,0,0,0,1,0,0,0,1,0,0,1,0,0,0,0,0,0,0.0845771144278607
0.6000000000000001,113,1.0,93.1,0.8015377222489188,0.8916666666666667,54.1,0.17726920093095422,0.2,0.1132075471698113,3.03,3.15,9.0,0.09345794392523366,0.346938775510204,0.49999999999999994,0.5789473684210527,0.03914899955315029,7.580645161290323,0,1,0,0,0,0,1,0,0,0,0,1,1,0,0,0,1,0,0,0,1,0,0,1,0,0,0,0,0,0,0.0845771144278607
0.6000000000000001,113,1.0,93.1,0.8015377222489188,0.8916666666666667,54.1,0.17920868890612873,0.2,0.1132075471698113,3.08,3.15,9.0,0.09345794392523366,0.346938775510204,0.49999999999999994,0.5789473684210527,0.056526488257782614,7.580645161290323,0,1,0,0,0,0,1,0,0,0,1,0,1,0,0,0,1,0,0,0,1,0,0,1,0,0,0,0,0,0,0.0845771144278607
1.0,150,0.0,95.3,0.8121095627102355,0.9125,49.6,0.3460046547711404,0.0,0.03396226415094339,3.329751243781096,3.29,9.4,0.24766355140186913,0.7551020408163265,0.1111111111111111,0.1842105263157895,0.14465518097413238,13.823529411764708,0,1,0,0,0,1,0,0,0,0,0,1,1,0,0,0,0,0,0,1,1,0,0,0,1,0,0,0,0,0,0.0845771144278607
1.0,150,0.0,95.3,0.8121095627102355,0.9125,49.6,0.3460046547711404,0.0,0.03396226415094339,3.329751243781096,3.29,9.4,0.24766355140186913,0.7551020408163265,0.1111111111111111,0.1842105263157895,0.1669976664515168,13.823529411764708,0,1,0,0,0,1,0,0,0,0,0,1,1,0,0,0,0,0,0,1,1,0,0,0,1,0,0,0,0,0,0.0845771144278607
1.0,150,0.0,95.3,0.8121095627102355,0.9125,49.6,0.3479441427463149,0.0,0.03396226415094339,3.329751243781096,3.29,9.4,0.24766355140186913,0.7551020408163265,0.1111111111111111,0.1842105263157895,0.21168263740628568,13.823529411764708,0,1,0,0,0,1,0,0,0,0,0,1,1,0,0,0,0,0,0,1,1,0,0,0,1,0,0,0,0,0,0.0845771144278607
1.0,150,0.0,95.3,0.8121095627102355,0.9125,49.6,0.39255236617532974,0.0,0.07169811320754715,3.329751243781096,3.29,9.4,0.2196261682242991,0.7551020408163265,0.08333333333333331,0.1842105263157895,0.2613326051338067,14.6875,0,1,1,0,0,1,0,0,0,0,0,1,1,0,0,0,0,0,0,1,1,0,0,0,0,0,0,1,0,0,0.0845771144278607
0.6000000000000001,129,0.0,98.8,0.8543969245555022,0.9236111111111112,53.7,0.3479441427463149,0.2,0.23018867924528302,3.39,3.39,8.6,0.16822429906542058,0.26530612244897966,0.3611111111111111,0.42105263157894735,0.09252271486023533,9.038461538461537,0,1,0,0,0,1,0,0,0,0,1,0,1,0,0,0,1,0,0,0,1,0,0,1,0,0,0,0,0,0,0.0845771144278607
0.4,115,1.0,98.8,0.8543969245555022,0.9236111111111112,55.5,0.3576415826221877,0.2,0.23018867924528302,3.39,3.39,8.6,0.16822429906542058,0.26530612244897966,0.3611111111111111,0.42105263157894735,0.08383397050791916,9.038461538461537,0,1,0,0,0,0,1,0,0,0,1,0,1,0,0,0,1,0,0,0,1,0,0,1,0,0,0,0,0,0,0.0845771144278607
0.6000000000000001,129,0.0,98.8,0.8543969245555022,0.9236111111111112,53.7,0.3479441427463149,0.2,0.23018867924528302,3.39,3.39,8.6,0.16822429906542058,0.26530612244897966,0.3611111111111111,0.42105263157894735,0.13596643662181618,9.038461538461537,0,1,0,0,0,1,0,0,0,0,1,0,1,0,0,0,1,0,0,0,1,0,0,1,0,0,0,0,0,0,0.0845771144278607
0.4,115,1.0,98.8,0.8543969245555022,0.9236111111111112,55.5,0.3576415826221877,0.2,0.23018867924528302,3.39,3.39,8.6,0.16822429906542058,0.26530612244897966,0.3611111111111111,0.42105263157894735,0.12727769226950003,9.038461538461537,0,1,0,0,0,0,1,0,0,0,1,0,1,0,0,0,1,0,0,0,1,0,0,1,0,0,0,0,0,0,0.0845771144278607
0.4,122,1.0,98.8,0.8543969245555022,0.9236111111111112,55.5,0.37044220325833976,0.2,0.23018867924528302,3.39,3.39,22.7,0.07476635514018692,0.20408163265306123,0.6388888888888888,0.6842105263157894,0.14093143339456832,6.527777777777778,1,0,0,0,0,0,1,0,0,0,1,0,1,0,0,0,1,0,0,0,1,0,0,0,0,1,0,0,0,0,0.0845771144278607
0.4,115,1.0,98.8,0.8543969245555022,0.9236111111111112,55.5,0.36346004654771136,0.2,0.23018867924528302,3.39,3.39,8.6,0.16822429906542058,0.26530612244897966,0.3611111111111111,0.42105263157894735,0.1521026761332605,9.038461538461537,0,1,0,0,0,1,0,0,0,0,1,0,1,0,0,0,1,0,0,0,1,0,0,1,0,0,0,0,0,0,0.0845771144278607
0.4,118,1.0,104.9,0.8409418548774628,0.9180555555555556,54.4,0.45849495733126444,0.2,0.2981132075471698,3.76,3.16,8.0,0.3364485981308411,0.346938775510204,0.16666666666666669,0.2894736842105263,0.32674643761481553,12.36842105263158,0,1,1,0,0,0,1,0,0,0,0,1,1,0,0,0,1,0,0,0,1,0,0,0,0,0,0,1,0,0,0.0845771144278607
0.4,122,1.0,104.9,0.8409418548774628,0.9180555555555556,54.4,0.47013188518231197,0.2,0.27547169811320754,3.43,3.64,22.0,0.11214953271028039,0.020408163265306145,0.49999999999999994,0.6052631578947367,0.32833523658209623,7.580645161290323,1,0,0,0,0,0,1,0,0,0,0,1,1,0,0,0,1,0,0,0,1,0,0,0,0,1,0,0,0,0,0.0845771144278607
0.2,93,1.0,110.0,0.9173474291206152,0.9763888888888888,56.5,0.7862684251357641,0.3,0.460377358490566,3.58,3.64,21.5,0.3504672897196262,0.08163265306122436,0.24999999999999994,0.23684210526315785,0.5072737202720818,10.681818181818182,1,0,1,0,0,0,1,0,0,0,0,1,0,1,0,0,1,0,0,0,1,0,0,0,0,1,0,0,0,0,0.03980099502487562
0.2,93,1.0,110.0,0.9173474291206152,0.9763888888888888,58.7,0.8774243599689682,0.3,0.460377358490566,3.58,3.64,21.5,0.3504672897196262,0.08163265306122436,0.24999999999999994,0.23684210526315785,0.5742018767687802,10.681818181818182,1,0,1,0,0,0,0,1,0,0,0,1,0,1,0,0,1,0,0,0,1,0,0,0,0,0,0,1,0,0,0.03980099502487562
0.4,93,0.0,106.7,0.9010091302258528,0.9763888888888888,54.9,0.7785104732350658,0.3,0.460377358490566,3.58,3.64,21.5,0.3504672897196262,0.08163265306122436,0.24999999999999994,0.23684210526315785,0.5724144779305893,10.681818181818182,1,0,1,0,1,0,0,0,0,0,0,1,0,1,0,0,1,0,0,0,1,0,0,0,0,1,0,0,0,0,0.03980099502487562
0.2,93,1.0,115.6,0.9735703988467084,0.9958333333333332,56.3,0.8851823118696664,0.3,0.460377358490566,3.58,3.64,21.5,0.3504672897196262,0.08163265306122436,0.24999999999999994,0.23684210526315785,0.6574152226801053,10.681818181818182,1,0,1,0,0,0,1,0,0,0,0,1,0,1,0,0,1,0,0,0,1,0,0,0,0,1,0,0,0,0,0.03980099502487562
0.2,122,1.0,115.6,0.9735703988467084,0.9958333333333332,56.5,0.8735453840186191,0.6000000000000001,0.6528301886792454,3.46,3.1,8.3,0.49999999999999994,0.24489795918367352,0.08333333333333331,0.05263157894736842,0.7215629809840625,14.6875,0,1,1,0,0,0,1,0,0,0,0,1,1,0,0,0,0,0,1,0,1,0,0,0,0,0,0,1,0,0,0.03980099502487562
1.0,142,0.0,96.6,0.8664103796251803,0.9791666666666666,50.8,0.8522110162916989,0.6000000000000001,0.6528301886792454,3.46,3.1,8.3,0.49999999999999994,0.24489795918367352,0.08333333333333331,0.05263157894736842,0.7432103669132615,14.6875,0,1,1,1,0,0,0,0,0,0,0,1,1,0,0,0,0,0,1,0,1,0,0,0,0,0,0,1,0,0,0.03980099502487562
0.4,122,1.0,120.9,1.0,0.9958333333333332,56.7,0.9356089992242047,0.6000000000000001,0.9320754716981132,3.8,3.35,8.0,0.6355140186915889,0.1428571428571428,0.027777777777777735,0.0,0.8897770716449036,16.785714285714285,0,1,2,0,0,0,1,0,0,0,0,1,1,0,0,0,0,0,1,0,1,0,0,0,0,0,0,1,0,0,0.03980099502487562
0.6000000000000001,122,0.0,112.0,0.957232099951946,1.0,55.4,0.8638479441427462,0.6000000000000001,0.9169811320754717,3.8,3.35,8.0,0.6355140186915889,0.1428571428571428,0.027777777777777735,0.0,1.0,16.785714285714285,0,1,2,0,1,0,0,0,0,0,0,1,1,0,0,0,0,0,1,0,1,0,0,0,0,0,0,1,0,0,0.03980099502487562
0.6000000000000001,122,0.0,102.7,0.8572801537722249,0.9444444444444444,54.8,0.5515903801396431,0.2,0.2981132075471698,3.78,3.12,8.0,0.5934579439252337,0.346938775510204,0.16666666666666669,0.21052631578947367,0.2826324412889132,12.36842105263158,0,1,2,0,0,1,0,0,0,0,0,1,0,1,0,0,1,0,0,0,1,0,0,0,0,0,0,1,0,0,0.004975124378109453
0.8,161,0.0,93.7,0.7558865929841423,0.8944444444444445,50.8,0.16679596586501166,0.2,0.11698113207547167,2.97,3.23,9.4,0.09345794392523366,0.5510204081632655,0.6666666666666665,0.6578947368421053,0.006727570627079071,6.351351351351353,0,1,0,0,0,1,0,0,0,0,1,0,1,0,0,0,1,0,0,0,1,0,0,1,0,0,0,0,0,0,0.05970149253731343
0.8,161,0.0,93.7,0.7558865929841423,0.8944444444444445,50.8,0.17688130333591934,0.2,0.11698113207547167,2.97,3.23,9.4,0.09345794392523366,0.5510204081632655,0.49999999999999994,0.5789473684210527,0.026587557718087462,7.580645161290323,0,1,0,0,0,1,0,0,0,0,1,0,1,0,0,0,1,0,0,0,1,0,0,1,0,0,0,0,0,0,0.05970149253731343
0.8,161,0.0,93.7,0.7558865929841423,0.8944444444444445,50.8,0.20015515903801395,0.2,0.11698113207547167,2.97,3.23,9.4,0.09345794392523366,0.5510204081632655,0.49999999999999994,0.5789473684210527,0.03850354997269251,7.580645161290323,0,1,0,0,0,1,0,0,0,0,1,0,1,0,0,0,1,0,0,0,1,0,0,1,0,0,0,0,0,0,0.04477611940298507
0.6000000000000001,161,0.0,93.0,0.7558865929841423,0.8861111111111111,50.8,0.25484871993793634,0.2,0.139622641509434,3.03,3.39,7.6,0.2523364485981308,0.5510204081632655,0.3055555555555555,0.368421052631579,0.0638250335137282,9.791666666666666,0,1,1,0,0,1,0,0,0,0,1,0,0,1,0,0,1,0,0,0,1,0,0,0,0,0,0,0,1,0,0.05970149253731343
1.0,153,0.0,96.3,0.8313310908217203,0.9083333333333334,49.4,0.34212567882079126,0.2,0.1849056603773585,3.17,3.46,7.5,0.3177570093457944,0.5510204081632655,0.27777777777777773,0.368421052631579,0.12017774688446453,10.217391304347826,0,1,1,0,0,1,0,0,0,0,1,0,0,1,0,0,1,0,0,0,1,0,0,0,0,0,0,0,1,0,0.05970149253731343
1.0,153,0.0,96.3,0.8313310908217203,0.9083333333333334,49.4,0.32583397982932505,0.2,0.23018867924528302,3.35,3.46,8.5,0.1869158878504673,0.346938775510204,0.3333333333333333,0.42105263157894735,0.0839332704433742,9.4,0,1,0,0,0,1,0,0,0,0,1,0,1,0,0,0,1,0,0,0,1,0,0,1,0,0,0,0,0,0,0.05970149253731343
1.0,122,0.0,95.9,0.8322921672272945,0.9208333333333332,50.2,0.5217222653219551,0.2,0.3584905660377358,3.58,3.86,7.0,0.4532710280373831,0.346938775510204,0.16666666666666669,0.21052631578947367,0.18646045380070503,12.36842105263158,0,1,1,0,0,1,0,0,0,0,1,0,0,1,0,0,1,0,0,0,1,0,0,0,0,0,0,0,1,0,0.05970149253731343
1.0,122,0.0,95.9,0.8322921672272945,0.9208333333333332,50.2,0.5558572536850273,0.2,0.3584905660377358,3.59,3.86,7.0,0.4532710280373831,0.346938775510204,0.16666666666666669,0.21052631578947367,0.12789831686609404,12.36842105263158,0,1,1,0,0,1,0,0,0,0,1,0,0,1,0,0,1,0,0,0,1,0,0,0,0,0,0,0,1,0,0.05970149253731343
1.0,122,0.0,95.9,0.8322921672272945,0.9208333333333332,50.2,0.5577967416602017,0.2,0.3584905660377358,3.59,3.86,7.0,0.4532710280373831,0.346938775510204,0.16666666666666669,0.21052631578947367,0.23263492378729955,12.36842105263158,0,1,1,0,0,1,0,0,0,0,1,0,0,1,0,0,1,0,0,0,1,0,0,0,0,0,0,0,1,0,0.05970149253731343
0.6000000000000001,125,1.0,96.3,0.8284478616049976,0.9083333333333334,51.6,0.34018619084561674,0.2,0.23018867924528302,3.35,3.46,8.5,0.1869158878504673,0.346938775510204,0.3333333333333333,0.42105263157894735,0.04644754480909585,9.4,0,1,0,0,0,0,1,0,0,0,1,0,1,0,0,0,1,0,0,0,1,0,0,1,0,0,0,0,0,0,0.05970149253731343
0.6000000000000001,125,1.0,96.3,0.8284478616049976,0.9083333333333334,51.6,0.3557020946470132,0.2,0.23018867924528302,3.35,3.46,8.5,0.1869158878504673,0.346938775510204,0.3333333333333333,0.42105263157894735,0.07623752544560847,9.4,0,1,0,0,0,0,1,0,0,0,1,0,1,0,0,0,1,0,0,0,1,0,0,1,0,0,0,0,0,0,0.05970149253731343
0.6000000000000001,125,1.0,96.3,0.8284478616049976,0.9083333333333334,51.6,0.3549262994569433,0.2,0.1849056603773585,3.17,3.46,7.5,0.3177570093457944,0.5510204081632655,0.27777777777777773,0.368421052631579,0.1032967578571074,10.217391304347826,0,1,1,0,0,0,1,0,0,0,1,0,0,1,0,0,1,0,0,0,1,0,0,0,0,0,0,0,1,0,0.05970149253731343
0.2,137,1.0,96.3,0.8284478616049976,0.9083333333333334,51.6,0.3549262994569433,0.2,0.1849056603773585,3.17,3.46,7.5,0.3177570093457944,0.5510204081632655,0.27777777777777773,0.368421052631579,0.1032967578571074,10.217391304347826,0,1,1,0,0,0,1,0,0,0,1,0,1,0,0,0,1,0,0,0,1,0,0,0,0,0,0,0,1,0,0.05970149253731343
0.6000000000000001,128,0.0,94.5,0.794329649207112,0.8861111111111111,54.5,0.15554693560899924,0.2,0.1358490566037736,3.15,3.29,9.4,0.09813084112149534,0.4285714285714286,0.49999999999999994,0.5526315789473684,0.00945831885209275,7.580645161290323,0,1,0,0,0,0,1,0,0,0,1,0,1,0,0,0,1,0,0,0,1,0,0,1,0,0,0,0,0,0,0.0845771144278607
0.6000000000000001,128,0.0,94.5,0.794329649207112,0.8861111111111111,54.5,0.20519782777346784,0.2,0.15849056603773587,2.99,3.47,21.9,0.03271028037383178,0.26530612244897966,0.8888888888888888,0.894736842105263,0.04917829303410953,5.222222222222221,1,0,0,0,0,0,1,0,0,0,1,0,1,0,0,0,1,0,0,0,1,0,0,0,0,1,0,0,0,0,0.0845771144278607
0.6000000000000001,128,0.0,94.5,0.794329649207112,0.8861111111111111,54.5,0.16679596586501166,0.2,0.1358490566037736,3.15,3.29,9.4,0.09813084112149534,0.4285714285714286,0.49999999999999994,0.5526315789473684,0.03800705029541729,7.580645161290323,0,1,0,0,0,0,1,0,0,0,1,0,1,0,0,0,1,0,0,0,1,0,0,1,0,0,0,0,0,0,0.0845771144278607
0.6000000000000001,122,1.0,94.5,0.794329649207112,0.8861111111111111,54.5,0.17455391776570983,0.2,0.1358490566037736,3.15,3.29,9.4,0.09813084112149534,0.4285714285714286,0.49999999999999994,0.5526315789473684,0.0429720470681694,7.580645161290323,0,1,0,0,0,0,1,0,0,0,1,0,1,0,0,0,1,0,0,0,1,0,0,1,0,0,0,0,0,0,0.0845771144278607
0.6000000000000001,103,1.0,94.5,0.8178760211436809,0.8861111111111111,53.5,0.20791311093871212,0.2,0.1358490566037736,3.15,3.29,9.4,0.09813084112149534,0.4285714285714286,0.49999999999999994,0.5526315789473684,0.05538453900004964,7.580645161290323,0,1,0,0,0,1,0,0,0,0,1,0,1,0,0,0,1,0,0,0,1,0,0,1,0,0,0,0,0,0,0.0845771144278607
0.6000000000000001,128,0.0,94.5,0.794329649207112,0.8861111111111111,54.5,0.17959658650116372,0.2,0.1358490566037736,3.15,3.29,9.4,0.09813084112149534,0.4285714285714286,0.49999999999999994,0.5526315789473684,0.054143289806861616,7.580645161290323,0,1,0,0,0,0,1,0,0,0,1,0,1,0,0,0,1,0,0,0,1,0,0,1,0,0,0,0,0,0,0.0845771144278607
0.6000000000000001,128,0.0,94.5,0.7957712638154734,0.8861111111111111,53.3,0.20946470131885186,0.2,0.1358490566037736,3.15,3.29,9.4,0.09813084112149534,0.4285714285714286,0.49999999999999994,0.5526315789473684,0.06655578173874185,7.580645161290323,0,1,0,0,0,1,0,0,0,0,1,0,1,0,0,0,1,0,0,0,1,0,0,1,0,0,0,0,0,0,0.0845771144278607
0.6000000000000001,122,1.0,94.5,0.794329649207112,0.8861111111111111,54.5,0.1873545384018619,0.2,0.1358490566037736,3.15,3.29,9.4,0.09813084112149534,0.4285714285714286,0.49999999999999994,0.5526315789473684,0.05910828657961373,7.580645161290323,0,1,0,0,0,0,1,0,0,0,1,0,1,0,0,0,1,0,0,0,1,0,0,1,0,0,0,0,0,0,0.0845771144278607
0.6000000000000001,103,1.0,94.5,0.8178760211436809,0.8861111111111111,53.5,0.212955779674166,0.2,0.1358490566037736,3.15,3.29,9.4,0.09813084112149534,0.4285714285714286,0.49999999999999994,0.5526315789473684,0.07152077851149397,7.580645161290323,0,1,0,0,0,0,0,1,0,0,1,0,1,0,0,0,1,0,0,0,1,0,0,1,0,0,0,0,0,0,0.0845771144278607
0.8,168,0.0,95.1,0.7803940413262855,0.8861111111111111,53.3,0.20170674941815359,0.2,0.1358490566037736,3.15,3.29,9.4,0.09813084112149534,0.4285714285714286,0.49999999999999994,0.5526315789473684,0.0777270244774341,7.580645161290323,0,1,0,0,1,0,0,0,0,0,1,0,1,0,0,0,1,0,0,0,1,0,0,1,0,0,0,0,0,0,0.0845771144278607
0.4,106,1.0,97.2,0.8332532436328689,0.9055555555555556,54.7,0.3242823894491854,0.2,0.22264150943396227,3.33,3.47,8.5,0.2289719626168224,0.4285714285714286,0.3888888888888889,0.4736842105263157,0.09510451318206642,8.703703703703704,0,1,0,0,0,1,0,0,0,0,1,0,1,0,0,0,1,0,0,0,1,0,0,1,0,0,0,0,0,0,0.0845771144278607
0.4,106,1.0,97.2,0.8332532436328689,0.9055555555555556,54.7,0.3157486423584174,0.2,0.22264150943396227,3.33,3.47,8.5,0.2289719626168224,0.4285714285714286,0.3888888888888889,0.4736842105263157,0.10999950350032273,8.703703703703704,0,1,0,0,0,0,1,0,0,0,1,0,1,0,0,0,1,0,0,0,1,0,0,1,0,0,0,0,0,0,0.0845771144278607
0.4,128,1.0,100.4,0.8731379144641999,0.9236111111111112,55.1,0.6233514352211016,0.4000000000000001,0.45283018867924524,3.43,3.27,9.0,0.48598130841121495,0.4285714285714286,0.1111111111111111,0.1578947368421053,0.20805818976217666,13.823529411764708,0,1,1,0,0,0,1,0,0,0,1,0,1,0,0,0,0,0,1,0,1,0,0,0,0,0,0,1,0,0,0.0845771144278607
0.4,108,1.0,100.4,0.8870735223450265,0.9236111111111112,56.1,0.7013188518231186,0.4000000000000001,0.45283018867924524,3.43,3.27,9.0,0.48598130841121495,0.4285714285714286,0.1111111111111111,0.1578947368421053,0.2304006752395611,13.823529411764708,0,1,1,0,0,0,0,1,0,0,1,0,1,0,0,0,0,0,1,0,1,0,0,0,0,0,0,1,0,0,0.0845771144278607
0.4,108,1.0,100.4,0.8870735223450265,0.9236111111111112,55.1,0.6097750193948797,0.4000000000000001,0.45283018867924524,3.43,3.27,9.0,0.48598130841121495,0.4285714285714286,0.16666666666666669,0.23684210526315785,0.20805818976217666,12.36842105263158,0,1,1,0,0,0,1,0,0,0,1,0,1,0,0,0,0,0,1,0,1,0,0,0,0,0,0,1,0,0,0.1691542288557214
1.0,194,0.0,91.3,0.8202787121576165,0.9430555555555556,49.7,0.6140418929402638,0.4000000000000001,0.45283018867924524,3.43,3.27,9.0,0.5233644859813085,0.4285714285714286,0.16666666666666669,0.23684210526315785,0.2999106300580905,12.36842105263158,0,1,2,0,0,1,0,0,0,0,0,1,1,0,0,0,0,0,1,0,1,0,0,0,0,0,0,1,0,0,0.0845771144278607
1.0,194,0.0,91.3,0.8202787121576165,0.9430555555555556,49.7,0.6404189294026377,0.4000000000000001,0.45283018867924524,3.43,3.27,7.8,0.7102803738317756,0.4285714285714286,0.1111111111111111,0.1842105263157895,0.3619730897174917,13.823529411764708,0,1,2,0,0,1,0,0,0,0,0,1,0,1,0,0,0,0,1,0,1,0,0,0,0,0,0,1,0,0,0.0845771144278607
0.6000000000000001,231,0.0,99.2,0.8577606919750121,0.9430555555555556,49.7,0.6404189294026377,0.4000000000000001,0.45283018867924524,3.43,3.27,9.0,0.5233644859813085,0.4285714285714286,0.16666666666666669,0.23684210526315785,0.32970061069460305,12.36842105263158,0,1,2,0,0,1,0,0,0,0,0,1,1,0,0,0,0,0,1,0,1,0,0,0,0,0,0,1,0,0,0.0845771144278607
0.4,161,1.0,107.9,0.897164824603556,0.95,56.7,0.5942591155934833,0.2,0.22264150943396227,3.46,3.19,8.4,0.2289719626168224,0.346938775510204,0.16666666666666669,0.21052631578947367,0.16836304056402362,12.36842105263158,0,1,0,0,0,0,1,0,0,0,0,1,1,0,0,1,0,0,0,0,1,0,0,0,0,0,0,1,0,0,0.04975124378109453
0.4,161,1.0,107.9,0.897164824603556,0.95,56.7,0.6629169899146625,0.2,0.3433962264150943,3.7,3.52,21.0,0.2196261682242991,0.0,0.4166666666666666,0.4473684210526315,0.20063551958691228,8.392857142857142,1,0,0,0,0,0,1,0,0,0,0,1,0,1,0,1,0,0,0,0,1,0,0,0,0,1,0,0,0,0,0.04975124378109453
0.4,122,1.0,114.2,0.9557904853435848,0.95,58.7,0.6757176105508145,0.2,0.22264150943396227,3.46,3.19,8.4,0.2289719626168224,0.346938775510204,0.16666666666666669,0.21052631578947367,0.18176853185045427,12.36842105263158,0,1,0,0,0,0,0,1,0,0,0,1,1,0,0,1,0,0,0,0,1,0,0,0,0,0,0,1,0,0,0.04975124378109453
0.4,122,1.0,114.2,0.9557904853435848,0.95,58.7,0.7532971295577968,0.2,0.3433962264150943,3.7,3.52,21.0,0.2196261682242991,0.0,0.3333333333333333,0.23684210526315785,0.2170200089369942,9.4,1,0,0,0,0,0,0,1,0,0,0,1,0,1,0,1,0,0,0,0,1,0,0,0,0,1,0,0,0,0,0.04975124378109453
0.4,161,1.0,107.9,0.897164824603556,0.95,56.7,0.6155934833204033,0.2,0.22264150943396227,3.46,2.19,8.4,0.2196261682242991,0.346938775510204,0.16666666666666669,0.21052631578947367,0.25971898118266223,12.36842105263158,0,1,0,0,0,0,1,0,0,0,0,1,1,0,0,1,0,0,0,0,1,0,0,0,0,0,0,1,0,0,0.04975124378109453
0.4,161,1.0,107.9,0.897164824603556,0.95,56.7,0.6842513576415825,0.2,0.3433962264150943,3.7,3.52,21.0,0.2196261682242991,0.0,0.4166666666666666,0.4473684210526315,0.29248795988282605,8.392857142857142,1,0,0,0,0,0,1,0,0,0,0,1,0,1,0,1,0,0,0,0,1,0,0,0,0,1,0,0,0,0,0.04975124378109453
0.4,122,1.0,114.2,0.9557904853435848,0.95,56.7,0.6970519782777347,0.2,0.22264150943396227,3.46,2.19,8.4,0.2196261682242991,0.346938775510204,0.16666666666666669,0.21052631578947367,0.2873988381907552,12.36842105263158,0,1,0,0,0,0,0,1,0,0,0,1,1,0,0,1,0,0,0,0,1,0,0,0,0,0,0,1,0,0,0.1691542288557214
0.4,122,1.0,114.2,0.9557904853435848,0.95,58.7,0.7746314972847168,0.2,0.3433962264150943,3.7,3.52,21.0,0.2196261682242991,0.0,0.3333333333333333,0.23684210526315785,0.2968323320589842,9.4,1,0,0,0,0,0,0,1,0,0,0,1,0,1,0,1,0,0,0,0,1,0,0,0,0,1,0,0,0,0,0.04975124378109453
0.4,161,1.0,107.9,0.897164824603556,0.95,56.7,0.6155934833204033,0.2,0.22264150943396227,3.46,3.19,8.4,0.2289719626168224,0.346938775510204,0.16666666666666669,0.21052631578947367,0.28578521423961073,12.36842105263158,0,1,0,0,0,0,1,0,0,0,0,1,1,0,0,1,0,0,0,0,1,0,0,0,0,0,0,1,0,0,0.04975124378109453
0.4,161,1.0,107.9,0.897164824603556,0.95,56.7,0.6842513576415825,0.2,0.3433962264150943,3.7,3.52,21.0,0.2196261682242991,0.0,0.4166666666666666,0.4473684210526315,0.3185541929397746,8.392857142857142,1,0,0,0,0,0,1,0,0,0,0,1,0,1,0,1,0,0,0,0,1,0,0,0,0,1,0,0,0,0,0.04975124378109453
0.4,161,1.0,108.0,0.897164824603556,0.9486111111111112,56.0,0.6369278510473235,0.2,0.27547169811320754,3.61,3.21,7.0,0.4392523364485981,0.5918367346938773,0.1388888888888889,0.21052631578947367,0.3235191897125267,13.055555555555555,0,1,1,0,0,0,1,0,0,0,0,1,0,1,0,1,0,0,0,0,1,0,0,0,0,0,0,1,0,0,0.04975124378109453
0.6000000000000001,119,0.0,93.7,0.7558865929841423,0.8861111111111111,50.8,0.16679596586501166,0.2,0.10943396226415092,2.97,3.23,9.4,0.09345794392523366,0.5510204081632655,0.6666666666666665,0.6578947368421053,0.01127054267414726,6.351351351351353,0,1,0,0,0,1,0,0,0,0,1,0,1,0,0,0,1,0,0,0,1,0,0,1,0,0,0,0,0,0,0.03482587064676617
0.6000000000000001,119,0.0,93.7,0.7558865929841423,0.8861111111111111,50.8,0.24825446082234293,0.2,0.139622641509434,3.03,3.39,7.6,0.2523364485981308,0.5510204081632655,0.3055555555555555,0.368421052631579,0.07047812918921603,9.791666666666666,0,1,1,0,0,1,0,0,0,0,1,0,0,1,0,0,1,0,0,0,1,0,0,0,0,0,0,0,1,0,0.03482587064676617
0.6000000000000001,154,1.0,93.7,0.7558865929841423,0.8861111111111111,50.6,0.18580294802172226,0.2,0.10943396226415092,2.97,3.23,9.4,0.09345794392523366,0.5510204081632655,0.49999999999999994,0.5789473684210527,0.0275805570726379,7.580645161290323,0,1,0,0,0,1,0,0,0,0,1,0,1,0,0,0,1,0,0,0,1,0,0,1,0,0,0,0,0,0,0.03482587064676617
0.6000000000000001,154,1.0,93.7,0.8039404132628545,0.8861111111111111,50.8,0.1943366951124903,0.2,0.10943396226415092,2.97,3.23,9.4,0.09345794392523366,0.5510204081632655,0.49999999999999994,0.5789473684210527,0.039074524601558996,7.580645161290323,0,1,0,0,0,0,1,0,0,0,1,0,1,0,0,0,1,0,0,0,1,0,0,1,0,0,0,0,0,0,0.03482587064676617
0.6000000000000001,154,1.0,93.7,0.8039404132628545,0.8861111111111111,50.8,0.2726920093095423,0.2,0.139622641509434,2.97,3.23,9.4,0.09345794392523366,0.5510204081632655,0.49999999999999994,0.5789473684210527,0.06183903480462738,7.580645161290323,0,1,0,0,0,0,1,0,0,0,1,0,1,0,0,0,1,0,0,0,1,0,0,1,0,0,0,0,0,0,0.03482587064676617
0.2,74,1.0,103.3,0.8390197020663143,0.8972222222222221,59.8,0.40612878200155156,0.2,0.23018867924528302,3.35,3.46,8.5,0.2196261682242991,0.346938775510204,0.3055555555555555,0.368421052631579,0.09440941363388114,9.791666666666666,0,1,0,0,0,0,0,1,0,0,1,0,1,0,0,0,1,0,0,0,1,0,0,1,0,0,0,0,0,0,0.03482587064676617
1.0,122,0.0,95.9,0.8322921672272945,0.9208333333333332,50.2,0.5159038013964314,0.2,0.3584905660377358,3.59,3.86,7.0,0.4532710280373831,0.346938775510204,0.16666666666666669,0.21052631578947367,0.18981182662231272,12.36842105263158,0,1,1,0,0,1,0,0,0,0,0,1,0,1,0,0,1,0,0,0,1,0,0,0,0,0,0,0,1,0,0.03482587064676617
1.0,186,0.0,94.5,0.8116290245074483,0.9486111111111112,50.2,0.5003878975950349,0.2,0.33962264150943394,3.94,3.11,9.5,0.44392523364485975,0.5510204081632655,0.16666666666666669,0.2894736842105263,0.41954222729755225,12.36842105263158,0,1,1,0,0,1,0,0,0,0,0,1,1,0,0,0,1,0,0,0,1,0,0,0,0,0,0,1,0,0,0.01990049751243781
1.0,122,0.0,89.5,0.8116290245074483,0.9027777777777778,51.6,0.49185415050426684,0.4000000000000001,0.5018867924528303,3.74,2.9,9.5,0.7429906542056075,0.7142857142857142,0.1111111111111111,0.23684210526315785,0.6804528077056751,13.823529411764708,0,1,2,0,1,0,0,0,0,0,0,1,1,0,0,0,0,1,0,0,0,1,0,0,0,0,0,1,0,0,0.01990049751243781
1.0,122,0.0,89.5,0.8116290245074483,0.9027777777777778,51.6,0.49185415050426684,0.4000000000000001,0.5018867924528303,3.74,2.9,9.5,0.7429906542056075,0.7142857142857142,0.1111111111111111,0.23684210526315785,0.7176902835013157,13.823529411764708,0,1,2,0,1,0,0,0,0,0,0,1,1,0,0,0,0,1,0,0,0,1,0,0,0,0,0,1,0,0,0.01990049751243781
1.0,122,0.0,89.5,0.8116290245074483,0.9027777777777778,51.6,0.5089216446858029,0.4000000000000001,0.5018867924528303,3.74,2.9,9.5,0.7429906542056075,0.7142857142857142,0.1111111111111111,0.23684210526315785,0.7921652350925972,13.823529411764708,0,1,2,1,0,0,0,0,0,0,0,1,1,0,0,0,0,1,0,0,0,1,0,0,0,0,0,1,0,0,0.01990049751243781
0.4,122,1.0,96.1,0.8721768380586257,0.9236111111111112,55.2,0.42319627618308764,0.2,0.2679245283018868,3.46,3.9,8.7,0.2628792412872336,0.3981099829094197,0.27777777777777773,0.39473684210526316,0.10369395759892755,10.217391304347826,0,1,1,0,0,0,0,1,0,0,1,0,1,0,0,0,1,0,0,0,1,0,0,0,0,0,0,1,0,0,0.009950248756218905
0.8,122,0.0,96.1,0.8495915425276309,0.925,50.5,0.3770364623739333,0.2,0.2679245283018868,3.46,3.9,8.7,0.2628792412872336,0.3981099829094197,0.27777777777777773,0.39473684210526316,0.11858894791718386,10.217391304347826,0,1,1,0,0,1,0,0,0,0,1,0,1,0,0,0,1,0,0,0,1,0,0,0,0,0,0,1,0,0,0.009950248756218905
1.0,150,0.0,99.1,0.8966842864007688,0.9236111111111112,56.1,0.45384018619084565,0.2,0.22641509433962265,3.54,3.07,9.31,0.2897196261682243,0.4489795918367345,0.22222222222222215,0.3157894736842105,0.1671217913708356,11.190476190476188,0,1,1,0,0,1,0,0,0,0,1,0,1,0,0,0,1,0,0,0,1,0,0,0,0,0,0,1,0,0,0.029850746268656716
0.8,104,1.0,99.1,0.8966842864007688,0.9236111111111112,56.1,0.46819239720713735,0.2,0.22641509433962265,3.54,3.07,9.3,0.2897196261682243,0.4489795918367345,0.22222222222222215,0.3157894736842105,0.17506578620723895,11.190476190476188,0,1,1,0,0,0,1,0,0,0,1,0,1,0,0,0,1,0,0,0,1,0,0,0,0,0,0,1,0,0,0.029850746268656716
1.0,150,0.0,99.1,0.8966842864007688,0.9236111111111112,56.1,0.47284716834755613,0.2,0.22641509433962265,2.54,2.07,9.3,0.2897196261682243,0.4489795918367345,0.22222222222222215,0.3157894736842105,0.24631348989623159,11.190476190476188,0,1,1,0,0,1,0,0,0,0,1,0,1,0,0,0,1,0,0,0,1,0,0,0,0,0,0,1,0,0,0.029850746268656716
0.8,104,1.0,99.1,0.8966842864007688,0.9236111111111112,56.1,0.4926299456943366,0.2,0.22641509433962265,3.54,3.07,9.3,0.2897196261682243,0.4489795918367345,0.22222222222222215,0.3157894736842105,0.257981232312199,11.190476190476188,0,1,1,0,0,0,1,0,0,0,1,0,1,0,0,0,1,0,0,0,1,0,0,0,0,0,0,1,0,0,0.029850746268656716
1.0,150,0.0,99.1,0.8966842864007688,0.9236111111111112,56.1,0.5120248254460822,0.2,0.22641509433962265,3.54,3.07,9.0,0.5233644859813085,0.5510204081632655,0.16666666666666669,0.26315789473684204,0.3235191897125267,12.36842105263158,0,1,2,0,0,1,0,0,0,0,1,0,0,1,1,0,0,0,0,0,1,0,0,0,0,0,0,1,0,0,0.029850746268656716
0.8,104,1.0,99.1,0.8966842864007688,0.9236111111111112,56.1,0.5271528316524436,0.2,0.22641509433962265,3.54,3.07,9.0,0.5233644859813085,0.5510204081632655,0.16666666666666669,0.26315789473684204,0.3351869321284941,12.36842105263158,0,1,2,0,0,0,1,0,0,0,1,0,0,1,1,0,0,0,0,0,1,0,0,0,0,0,0,1,0,0,0.029850746268656716
0.8,83,0.0,93.7,0.7539644401729938,0.8805555555555555,53.7,0.2179984484096199,0.2,0.1358490566037736,3.62,2.36,9.0,0.09813084112149534,0.30612244897959173,0.49999999999999994,0.5263157894736842,0.0,7.580645161290323,0,1,0,0,0,1,0,0,0,0,1,0,1,0,0,0,0,1,0,0,1,0,0,1,0,0,0,0,0,0,0.05970149253731343
0.8,83,0.0,93.7,0.758769822200865,0.8833333333333333,53.7,0.24515128006206366,0.2,0.17735849056603775,3.62,2.64,8.7,0.11682242990654207,0.1020408163265305,0.3611111111111111,0.39473684210526316,0.04803634377637653,9.038461538461537,0,1,0,0,0,1,0,0,0,0,1,0,1,0,0,0,0,1,0,0,1,0,0,1,0,0,0,0,0,0,0.05970149253731343
0.8,83,0.0,93.3,0.7558865929841423,0.8861111111111111,55.7,0.2916989914662529,0.2,0.17735849056603775,3.62,2.64,8.7,0.11682242990654207,0.1020408163265305,0.3611111111111111,0.39473684210526316,0.061690084901444814,9.038461538461537,0,1,0,0,0,1,0,0,1,0,0,0,1,0,0,0,0,1,0,0,1,0,0,1,0,0,0,0,0,0,0.05970149253731343
0.4,102,1.0,97.2,0.8265257087938491,0.9083333333333334,52.5,0.25484871993793634,0.2,0.17735849056603775,3.62,2.64,9.5,0.15887850467289721,0.26530612244897966,0.5277777777777777,0.5526315789473684,0.049848567598431065,7.34375,0,1,0,0,0,0,1,0,0,0,1,0,1,0,0,0,0,1,0,0,1,0,0,1,0,0,0,0,0,0,0.05970149253731343
0.4,102,1.0,97.2,0.8265257087938491,0.9083333333333334,52.5,0.2723041117145074,0.2,0.17735849056603775,3.62,2.64,9.5,0.15887850467289721,0.1020408163265305,0.4166666666666666,0.4473684210526315,0.06595998212601162,8.392857142857142,0,1,0,0,0,0,1,0,0,0,1,0,1,0,0,0,0,1,0,0,1,0,0,1,0,0,0,0,0,0,0.05970149253731343
0.4,102,1.0,97.2,0.8265257087938491,0.9083333333333334,52.5,0.33048875096974395,0.2,0.17735849056603775,3.62,2.64,9.0,0.2149532710280374,0.4285714285714286,0.3611111111111111,0.42105263157894735,0.12020257186832828,9.038461538461537,0,1,0,0,0,0,1,0,0,0,1,0,1,0,0,0,0,1,0,0,1,0,0,0,0,0,0,1,0,0,0.05970149253731343
0.4,102,1.0,97.0,0.8265257087938491,0.9083333333333334,54.3,0.3479441427463149,0.2,0.17735849056603775,3.62,2.64,9.0,0.15887850467289721,0.26530612244897966,0.3055555555555555,0.23684210526315785,0.1021548085993744,9.791666666666666,0,1,0,0,0,0,1,0,1,0,0,0,1,0,0,0,0,1,0,0,1,0,0,1,0,0,0,0,0,0,0.05970149253731343
0.4,102,1.0,97.0,0.8265257087938491,0.9083333333333334,54.3,0.39643134212567877,0.2,0.17735849056603775,3.62,2.64,7.7,0.294392523364486,0.26530612244897966,0.3055555555555555,0.3421052631578947,0.15245022590735313,9.791666666666666,0,1,1,0,0,0,1,0,1,0,0,0,0,1,0,0,0,1,0,0,1,0,0,0,0,0,0,1,0,0,0.05970149253731343
0.4,89,1.0,97.0,0.8337337818356559,0.9083333333333334,53.0,0.3110938712179985,0.2,0.17735849056603775,3.62,2.64,9.0,0.15887850467289721,0.26530612244897966,0.4166666666666666,0.42105263157894735,0.05821458716051833,8.392857142857142,0,1,0,0,0,0,0,1,0,0,1,0,1,0,0,0,0,1,0,0,1,0,0,1,0,0,0,0,0,0,0.05970149253731343
0.4,89,1.0,97.0,0.8337337818356559,0.9083333333333334,53.0,0.37509697439875866,0.2,0.17735849056603775,3.62,2.64,9.0,0.2149532710280374,0.4285714285714286,0.3333333333333333,0.39473684210526316,0.12611091802790325,9.4,0,1,0,0,0,0,0,1,0,0,1,0,1,0,0,0,0,1,0,0,1,0,0,0,0,0,0,1,0,0,0.05970149253731343
0.4,85,1.0,96.9,0.8342143200384431,0.9083333333333334,54.9,0.36152055857253684,0.2,0.17735849056603775,3.62,2.64,9.0,0.15887850467289721,0.26530612244897966,0.27777777777777773,0.3421052631578947,0.07186832828558662,10.217391304347826,0,1,0,0,0,0,0,1,1,0,0,0,1,0,0,0,0,1,0,0,1,0,0,1,0,0,0,0,0,0,0.05970149253731343
0.4,85,1.0,96.9,0.8342143200384431,0.9083333333333334,54.9,0.4507370054305664,0.2,0.17735849056603775,3.62,2.64,7.7,0.294392523364486,0.26530612244897966,0.27777777777777773,0.1842105263157895,0.16324909388808895,10.217391304347826,0,1,1,0,0,0,0,1,1,0,0,0,0,1,0,0,0,1,0,0,1,0,0,0,0,0,0,1,0,0,0.05970149253731343
0.6000000000000001,87,0.0,95.7,0.762614127823162,0.8833333333333333,54.5,0.19278510473235067,0.2,0.11698113207547167,3.05,3.03,9.0,0.06542056074766356,0.26530612244897966,0.6111111111111112,0.6052631578947367,0.005709746288664913,6.7142857142857135,0,1,0,0,0,1,0,0,0,0,1,0,1,0,0,0,1,0,0,0,1,0,0,1,0,0,0,0,0,0,0.1691542288557214
0.6000000000000001,87,0.0,95.7,0.762614127823162,0.8833333333333333,54.5,0.21411947245927077,0.2,0.11698113207547167,3.05,3.03,9.0,0.06542056074766356,0.26530612244897966,0.49999999999999994,0.5789473684210527,0.030286480313787778,7.580645161290323,0,1,0,0,0,1,0,0,0,0,1,0,1,0,0,0,1,0,0,0,1,0,0,1,0,0,0,0,0,0,0.1691542288557214
0.6000000000000001,74,1.0,95.7,0.762614127823162,0.8833333333333333,54.5,0.20442203258339797,0.2,0.11698113207547167,3.05,3.03,9.0,0.06542056074766356,0.26530612244897966,0.49999999999999994,0.5789473684210527,0.03401022789335187,7.580645161290323,0,1,0,0,0,1,0,0,0,0,1,0,1,0,0,0,1,0,0,0,1,0,0,1,0,0,0,0,0,0,0.1691542288557214
0.4,77,1.0,95.7,0.8154733301297453,0.8833333333333333,59.1,0.30721489526764933,0.2,0.11698113207547167,3.05,3.03,9.0,0.06542056074766356,0.26530612244897966,0.49999999999999994,0.5526315789473684,0.044684970954768866,7.580645161290323,0,1,0,0,0,0,0,1,0,0,1,0,1,0,0,0,1,0,0,0,1,0,0,1,0,0,0,0,0,0,0.1691542288557214
0.4,81,1.0,95.7,0.8154733301297453,0.8833333333333333,59.1,0.3110938712179985,0.2,0.11698113207547167,3.05,3.03,9.0,0.06542056074766356,0.26530612244897966,0.3888888888888889,0.42105263157894735,0.06901345514125415,8.703703703703704,0,1,0,0,0,0,0,1,1,0,0,0,1,0,0,0,1,0,0,0,1,0,0,1,0,0,0,0,0,0,0.1691542288557214
0.4,91,1.0,95.7,0.8154733301297453,0.8833333333333333,59.1,0.6291698991466252,0.2,0.11698113207547167,3.05,3.03,9.0,0.06542056074766356,0.26530612244897966,0.3888888888888889,0.42105263157894735,0.09085944094136339,8.703703703703704,0,1,0,0,0,0,0,1,1,0,0,0,1,0,0,0,1,0,0,0,1,0,0,1,0,0,0,0,0,0,0.1691542288557214
0.4,91,1.0,95.7,0.7991350312349833,0.8944444444444445,53.0,0.2300232738557021,0.2,0.139622641509434,3.19,3.03,9.0,0.10280373831775702,0.26530612244897966,0.47222222222222215,0.5526315789473684,0.045181470632044085,7.833333333333332,0,1,0,0,0,0,1,0,0,0,1,0,1,0,0,0,1,0,0,0,1,0,0,1,0,0,0,0,0,0,0.1691542288557214
0.4,91,1.0,95.7,0.7991350312349833,0.8944444444444445,52.8,0.24088440651667964,0.2,0.139622641509434,3.19,3.03,9.0,0.10280373831775702,0.26530612244897966,0.47222222222222215,0.5526315789473684,0.0516359664366218,7.833333333333332,0,1,0,0,0,1,0,0,0,0,1,0,1,0,0,0,1,0,0,0,1,0,0,1,0,0,0,0,0,0,0.1691542288557214
0.4,91,1.0,95.7,0.7991350312349833,0.8944444444444445,53.0,0.3052754072924748,0.2,0.1849056603773585,3.27,3.35,22.5,0.03738317757009346,0.1428571428571428,0.5833333333333333,0.5263157894736842,0.06901345514125415,6.911764705882352,1,0,0,0,0,0,1,0,0,0,1,0,1,0,0,0,1,0,0,0,1,0,0,0,0,1,0,0,0,0,0.1691542288557214
0.4,91,1.0,95.7,0.7991350312349833,0.8944444444444445,52.8,0.3052754072924748,0.2,0.1849056603773585,3.27,3.35,22.5,0.03738317757009346,0.1428571428571428,0.6944444444444444,0.8157894736842104,0.0662827069162405,6.184210526315789,1,0,0,0,0,1,0,0,0,0,1,0,1,0,0,0,1,0,0,0,1,0,0,0,0,1,0,0,0,0,0.1691542288557214
0.4,91,1.0,95.7,0.7991350312349833,0.8944444444444445,53.0,0.23506594259115587,0.2,0.139622641509434,3.19,3.03,9.0,0.10280373831775702,0.26530612244897966,0.6944444444444444,0.8157894736842104,0.06504145772305248,6.184210526315789,0,1,0,0,0,0,1,0,0,0,1,0,1,0,0,0,1,0,0,0,1,0,0,1,0,0,0,0,0,0,0.1691542288557214
0.4,91,1.0,95.7,0.7991350312349833,0.8944444444444445,52.8,0.24592707525213342,0.2,0.139622641509434,3.19,3.03,9.0,0.10280373831775702,0.26530612244897966,0.4166666666666666,0.4736842105263157,0.08043294771858397,8.392857142857142,0,1,0,0,0,1,0,0,0,0,1,0,1,0,0,0,1,0,0,0,1,0,0,1,0,0,0,0,0,0,0.1691542288557214
0.4,91,1.0,95.7,0.7991350312349833,0.8944444444444445,52.8,0.2529092319627618,0.2,0.139622641509434,3.19,3.03,9.0,0.10280373831775702,0.26530612244897966,0.4166666666666666,0.4736842105263157,0.10277543319596841,8.392857142857142,0,1,0,0,0,0,1,0,0,0,1,0,1,0,0,0,1,0,0,0,1,0,0,1,0,0,0,0,0,0,0.1691542288557214
0.6000000000000001,168,0.0,94.5,0.810667948101874,0.8888888888888888,52.6,0.26415826221877425,0.2,0.139622641509434,3.19,3.03,9.0,0.10280373831775702,0.26530612244897966,0.44444444444444436,0.4736842105263157,0.07298545255945582,8.103448275862071,0,1,0,0,0,0,1,0,0,0,0,1,1,0,0,0,1,0,0,0,1,0,0,1,0,0,0,0,0,0,0.1691542288557214
0.6000000000000001,168,0.0,94.5,0.810667948101874,0.8888888888888888,52.6,0.2777346780449961,0.2,0.139622641509434,3.19,3.03,9.0,0.10280373831775702,0.26530612244897966,0.44444444444444436,0.4736842105263157,0.07745394965493271,8.103448275862071,0,1,0,0,0,1,0,0,0,0,0,1,1,0,0,0,1,0,0,0,1,0,0,1,0,0,0,0,0,0,0.1691542288557214
0.6000000000000001,168,0.0,94.5,0.810667948101874,0.8888888888888888,52.6,0.3013964313421257,0.2,0.139622641509434,3.24,3.08,9.4,0.29906542056074764,0.9999999999999998,0.3611111111111111,0.3421052631578947,0.10376843255051885,9.038461538461537,0,1,1,0,0,0,1,0,0,0,0,1,1,0,1,0,0,0,0,0,1,0,0,0,0,0,0,1,0,0,0.1691542288557214
0.6000000000000001,168,0.0,94.5,0.810667948101874,0.8888888888888888,52.6,0.3149728471683475,0.2,0.139622641509434,3.24,3.08,9.4,0.29906542056074764,0.9999999999999998,0.3611111111111111,0.3421052631578947,0.10972642867782137,9.038461538461537,0,1,1,0,0,1,0,0,0,0,0,1,1,0,1,0,0,0,0,0,1,0,0,0,0,0,0,1,0,0,0.1691542288557214
0.8,134,0.0,98.4,0.8467083133109082,0.9111111111111108,52.0,0.4080682699767262,0.2,0.32075471698113206,3.62,3.5,9.3,0.3177570093457944,0.26530612244897966,0.3055555555555555,0.368421052631579,0.08269202125018618,9.791666666666666,0,1,1,0,1,0,0,0,0,0,0,1,1,0,0,0,1,0,0,0,1,0,0,0,0,0,0,1,0,0,0.1691542288557214
0.8,134,0.0,98.4,0.8467083133109082,0.9111111111111108,52.0,0.40651667959658644,0.2,0.32075471698113206,3.62,3.5,9.3,0.3177570093457944,0.26530612244897966,0.3055555555555555,0.368421052631579,0.11223375204806116,9.791666666666666,0,1,1,0,1,0,0,0,0,0,0,1,1,0,0,0,1,0,0,0,1,0,0,0,0,0,0,1,0,0,0.1691542288557214
0.8,134,0.0,98.4,0.8467083133109082,0.9111111111111108,52.0,0.4123351435221102,0.2,0.32075471698113206,3.62,3.5,9.3,0.3177570093457944,0.26530612244897966,0.3055555555555555,0.368421052631579,0.12092249640037733,9.791666666666666,0,1,1,0,0,1,0,0,0,0,0,1,1,0,0,0,1,0,0,0,1,0,0,0,0,0,0,1,0,0,0.1691542288557214
0.8,134,0.0,98.4,0.8467083133109082,0.9111111111111108,52.0,0.4619860356865788,0.2,0.32075471698113206,3.62,3.5,9.3,0.3177570093457944,0.26530612244897966,0.3055555555555555,0.368421052631579,0.15096072687552753,9.791666666666666,0,1,1,0,1,0,0,0,0,0,0,1,1,0,0,0,1,0,0,0,1,0,0,0,0,0,0,1,0,0,0.1691542288557214
0.8,134,0.0,98.4,0.8467083133109082,0.9111111111111108,52.0,0.4755624515128005,0.2,0.32075471698113206,3.62,3.5,9.3,0.3177570093457944,0.26530612244897966,0.3055555555555555,0.368421052631579,0.15964947122784368,9.791666666666666,0,1,1,0,0,1,0,0,0,0,0,1,1,0,0,0,1,0,0,0,1,0,0,0,0,0,0,1,0,0,0.1691542288557214
0.8,134,0.0,98.4,0.8467083133109082,0.9111111111111108,53.0,0.5768037238169124,0.2,0.32075471698113206,3.62,3.5,9.3,0.3177570093457944,0.26530612244897966,0.3055555555555555,0.368421052631579,0.3115783724740579,9.791666666666666,0,1,1,1,0,0,0,0,0,0,0,1,1,0,0,0,1,0,0,0,1,0,0,0,0,0,0,1,0,0,0.1691542288557214
0.2,65,1.0,102.4,0.8438250840941854,0.9236111111111112,54.9,0.3250581846392552,0.2,0.23018867924528302,3.31,3.54,8.7,0.20560747663551404,0.020408163265306145,0.44444444444444436,0.4736842105263157,0.09507968819820267,8.103448275862071,0,1,0,0,0,0,1,0,0,0,1,0,1,0,0,0,1,0,0,0,1,0,0,0,0,0,0,1,0,0,0.1691542288557214
0.2,65,1.0,102.4,0.8438250840941854,0.9236111111111112,54.9,0.38479441427463146,0.2,0.1849056603773585,3.27,3.35,22.5,0.11682242990654207,0.1428571428571428,0.47222222222222215,0.4473684210526315,0.13852340995978352,7.833333333333332,1,0,0,0,0,0,1,0,0,0,1,0,0,1,0,0,1,0,0,0,1,0,0,0,0,1,0,0,0,0,0.1691542288557214
0.2,65,1.0,102.4,0.8438250840941854,0.9236111111111112,53.9,0.35919317300232734,0.2,0.23018867924528302,3.31,3.54,8.7,0.20560747663551404,0.020408163265306145,0.3888888888888889,0.42105263157894735,0.12089767141651359,8.703703703703704,0,1,0,0,0,1,0,0,0,0,1,0,1,0,0,0,1,0,0,0,1,0,0,0,0,0,0,1,0,0,0.1691542288557214
0.2,65,1.0,102.4,0.8438250840941854,0.9236111111111112,54.9,0.35919317300232734,0.2,0.23018867924528302,3.31,3.54,8.7,0.20560747663551404,0.020408163265306145,0.3888888888888889,0.42105263157894735,0.1434884067325356,8.703703703703704,0,1,0,0,0,0,1,0,0,0,1,0,1,0,0,0,1,0,0,0,1,0,0,0,0,0,0,1,0,0,0.1691542288557214
0.2,65,1.0,102.4,0.8438250840941854,0.9236111111111112,53.9,0.3762606671838634,0.2,0.23018867924528302,3.31,3.54,8.7,0.20560747663551404,0.020408163265306145,0.3888888888888889,0.42105263157894735,0.1521771510848518,8.703703703703704,0,1,0,0,0,1,0,0,0,0,1,0,1,0,0,0,1,0,0,0,1,0,0,0,0,0,0,1,0,0,0.1691542288557214
1.0,197,0.0,102.9,0.8817876021143681,0.9402777777777778,52.0,0.5771916214119472,0.4000000000000001,0.4150943396226415,3.27,3.35,9.3,0.52803738317757,0.4285714285714286,0.19444444444444448,0.21052631578947367,0.28399781540142,11.75,0,1,2,0,0,1,0,0,0,0,0,1,1,0,1,0,0,0,0,0,1,0,0,0,0,0,0,1,0,0,0.1691542288557214
1.0,197,0.0,102.9,0.8817876021143681,0.9402777777777778,52.0,0.5927075252133436,0.4000000000000001,0.4150943396226415,3.27,3.35,9.3,0.52803738317757,0.4285714285714286,0.16666666666666669,0.21052631578947367,0.2700958244377141,12.36842105263158,0,1,2,0,0,1,0,0,0,0,0,1,1,0,1,0,0,0,0,0,1,0,0,0,0,0,0,1,0,0,0.1691542288557214
0.2,90,1.0,104.5,0.9024507448342144,0.9236111111111112,54.1,0.6373157486423584,0.4000000000000001,0.4150943396226415,3.27,3.35,9.2,0.5046728971962617,0.4285714285714286,0.19444444444444448,0.21052631578947367,0.2624497294076759,11.75,0,1,2,0,0,0,1,0,0,0,0,1,1,0,1,0,0,0,0,0,1,0,0,0,0,0,0,1,0,0,0.1691542288557214
0.2,122,1.0,104.5,0.9024507448342144,0.9236111111111112,54.1,0.6450737005430567,0.4000000000000001,0.3773584905660377,3.27,3.35,9.2,0.5046728971962617,0.4285714285714286,0.16666666666666669,0.21052631578947367,0.2639392284395015,12.36842105263158,0,1,2,0,0,0,0,1,0,0,0,1,1,0,1,0,0,0,0,0,1,0,0,0,0,0,0,1,0,0,0.1691542288557214
0.8,122,0.0,97.3,0.8250840941854877,0.9097222222222222,55.7,0.29984484096198605,0.2,0.1358490566037736,3.01,3.4,23.0,0.01869158878504673,0.26530612244897966,0.6666666666666665,0.7894736842105263,0.06595998212601162,6.351351351351353,1,0,0,0,0,0,1,0,0,0,1,0,1,0,0,0,1,0,0,0,1,0,0,0,0,1,0,0,0,0,0.05970149253731343
0.8,122,0.0,97.3,0.8250840941854877,0.9097222222222222,55.7,0.2796741660201707,0.2,0.18113207547169813,3.19,3.4,9.0,0.17289719626168226,0.4489795918367345,0.3888888888888889,0.4736842105263157,0.0709249788987637,8.703703703703704,0,1,0,0,0,0,1,0,0,0,1,0,1,0,0,0,1,0,0,0,1,0,0,0,0,0,0,1,0,0,0.05970149253731343
0.8,94,1.0,97.3,0.8250840941854877,0.9097222222222222,55.7,0.3010085337470908,0.2,0.1358490566037736,3.01,3.4,23.0,0.01869158878504673,0.26530612244897966,0.6666666666666665,0.7894736842105263,0.07142147857603892,6.351351351351353,1,0,0,0,0,0,1,0,0,0,1,0,1,0,0,0,1,0,0,0,1,0,0,0,0,1,0,0,0,0,0.05970149253731343
0.8,94,1.0,97.3,0.8250840941854877,0.9097222222222222,55.7,0.28083785880527545,0.2,0.18113207547169813,3.19,3.4,9.0,0.17289719626168226,0.4489795918367345,0.3888888888888889,0.4736842105263157,0.076386475348791,8.703703703703704,0,1,0,0,0,0,1,0,0,0,1,0,1,0,0,0,1,0,0,0,1,0,0,0,0,0,0,1,0,0,0.05970149253731343
0.8,94,1.0,97.3,0.8250840941854877,0.9097222222222222,55.7,0.3052754072924748,0.2,0.18113207547169813,3.19,3.4,9.0,0.17289719626168226,0.4489795918367345,0.3888888888888889,0.4736842105263157,0.08383397050791916,8.703703703703704,0,1,0,0,0,0,1,0,0,0,1,0,1,0,0,0,1,0,0,0,1,0,0,0,0,0,0,1,0,0,0.05970149253731343
0.8,94,1.0,97.3,0.8250840941854877,0.9097222222222222,55.7,0.3223429014740109,0.2,0.1358490566037736,3.01,3.4,23.0,0.09345794392523366,0.1428571428571428,0.6666666666666665,0.6842105263157894,0.10865895437167966,6.351351351351353,1,0,0,0,0,0,1,0,0,0,1,0,0,1,0,0,1,0,0,0,1,0,0,0,0,1,0,0,0,0,0.05970149253731343
0.8,94,1.0,97.3,0.8250840941854877,0.9097222222222222,55.7,0.3149728471683475,0.2,0.18113207547169813,3.19,3.4,10.0,0.24299065420560745,0.5510204081632655,0.3611111111111111,0.42105263157894735,0.1210714463035599,9.038461538461537,0,1,0,0,0,0,1,0,0,0,1,0,1,0,0,0,1,0,0,0,1,0,0,0,0,0,0,1,0,0,0.05970149253731343
1.0,122,0.0,94.5,0.7654973570398848,0.8916666666666667,55.6,0.29712955779674166,0.2,0.18113207547169813,3.19,3.4,8.5,0.19626168224299068,0.5510204081632655,0.3055555555555555,0.3421052631578947,0.1607914204855767,9.791666666666666,0,1,0,1,0,0,0,0,0,0,1,0,1,0,0,0,1,0,0,0,1,0,0,0,0,0,0,1,0,0,0.05970149253731343
1.0,256,0.0,94.5,0.7962518020182604,0.8888888888888888,51.4,0.2843289371605896,0.2,0.18113207547169813,3.19,3.4,8.5,0.19626168224299068,0.5510204081632655,0.3055555555555555,0.3421052631578947,0.1206990715456035,9.791666666666666,0,1,0,0,0,1,0,0,0,0,1,0,1,0,0,0,1,0,0,0,1,0,0,0,0,0,0,1,0,0,0.05970149253731343
0.4,122,1.0,100.4,0.8659298414223928,0.9291666666666668,55.1,0.4550038789759503,0.3,0.2830188679245283,3.19,3.4,8.5,0.2897196261682243,0.5510204081632655,0.16666666666666669,0.21052631578947367,0.20299389305396953,12.36842105263158,0,1,1,0,0,0,1,0,0,0,1,0,1,0,0,0,1,0,0,0,1,0,0,0,0,0,0,1,0,0,0.05970149253731343
0.4,122,1.0,100.4,0.8659298414223928,0.9291666666666668,55.1,0.42319627618308764,0.2,0.1358490566037736,3.01,3.4,23.0,0.09345794392523366,0.1428571428571428,0.5555555555555556,0.5789473684210527,0.21664763417903776,7.121212121212121,1,0,0,0,0,0,1,0,0,0,1,0,0,1,0,0,1,0,0,0,1,0,0,0,0,1,0,0,0,0,0.05970149253731343
0.4,122,1.0,100.4,0.8798654493032196,0.9291666666666668,55.1,0.4169899146625291,0.2,0.18113207547169813,3.19,3.4,9.0,0.1869158878504673,0.5510204081632655,0.3333333333333333,0.39473684210526316,0.1780447842708902,9.4,0,1,0,0,0,0,0,1,0,0,1,0,1,0,0,0,1,0,0,0,1,0,0,0,0,0,0,1,0,0,0.05970149253731343
0.0,103,1.0,104.3,0.9072561268620856,0.9333333333333332,56.2,0.5523661753297129,0.2,0.3018867924528302,3.78,3.15,9.5,0.308411214953271,0.5102040816326532,0.27777777777777773,0.3157894736842105,0.19418102378233454,10.217391304347826,0,1,1,0,0,0,1,0,0,0,0,1,1,0,0,0,1,0,0,0,1,0,0,0,0,0,0,1,0,0,0.05472636815920398
0.2,74,1.0,104.3,0.9072561268620856,0.9333333333333332,57.5,0.5996896819239721,0.2,0.3018867924528302,3.78,3.15,9.5,0.308411214953271,0.5102040816326532,0.27777777777777773,0.3157894736842105,0.2059728911176208,10.217391304347826,0,1,1,0,0,0,0,1,0,0,0,1,1,0,0,0,1,0,0,0,1,0,0,0,0,0,0,1,0,0,0.05472636815920398
0.0,103,1.0,104.3,0.9072561268620856,0.9333333333333332,56.2,0.5612878200155158,0.2,0.3018867924528302,3.78,3.15,9.5,0.308411214953271,0.5102040816326532,0.3055555555555555,0.3157894736842105,0.26977309964748525,9.791666666666666,0,1,1,0,0,0,1,0,0,0,0,1,1,0,0,0,1,0,0,0,1,0,0,0,0,0,0,1,0,0,0.05472636815920398
0.2,74,1.0,104.3,0.9072561268620856,0.9333333333333332,57.5,0.6027928626842514,0.2,0.3018867924528302,3.78,3.15,9.5,0.308411214953271,0.5102040816326532,0.3055555555555555,0.3157894736842105,0.2829303410952783,9.791666666666666,0,1,1,0,0,0,0,1,0,0,0,1,1,0,0,0,1,0,0,0,1,0,0,0,0,0,0,1,0,0,0.05472636815920398
0.0,103,1.0,104.3,0.9072561268620856,0.9333333333333332,56.2,0.603956555469356,0.2,0.26037735849056604,3.62,3.15,7.5,0.5327102803738317,0.3877551020408163,0.1111111111111111,0.1578947368421053,0.330221935355742,13.823529411764708,0,1,2,0,0,0,1,0,0,0,0,1,0,1,0,0,1,0,0,0,1,0,0,0,0,0,0,1,0,0,0.05472636815920398
0.2,74,1.0,104.3,0.9072561268620856,0.9333333333333332,57.5,0.6474010861132662,0.2,0.26037735849056604,3.62,3.15,7.5,0.5327102803738317,0.3877551020408163,0.1111111111111111,0.1578947368421053,0.3433791768035351,13.823529411764708,0,1,2,0,0,0,0,1,0,0,0,1,0,1,0,0,1,0,0,0,1,0,0,0,0,0,0,1,0,0,0.05472636815920398
0.2,95,1.0,109.1,0.9072561268620856,0.9569444444444444,55.5,0.5678820791311094,0.2,0.3018867924528302,3.78,3.15,9.5,0.308411214953271,0.5102040816326532,0.27777777777777773,0.3157894736842105,0.29112258577031924,10.217391304347826,0,1,1,0,0,0,1,0,0,0,0,1,1,0,0,0,1,0,0,0,1,0,0,0,0,0,0,1,0,0,0.05472636815920398
0.2,95,1.0,109.1,0.9072561268620856,0.9555555555555556,55.5,0.6055081458494957,0.2,0.3018867924528302,3.78,3.15,8.7,0.5233644859813085,0.4693877551020409,0.16666666666666669,0.23684210526315785,0.34573755027059233,12.36842105263158,0,1,2,0,0,0,1,0,0,0,0,1,0,1,0,0,1,0,0,0,1,0,0,0,0,0,0,1,0,0,0.05472636815920398
0.2,95,1.0,109.1,0.9072561268620856,0.9569444444444444,55.5,0.591155934833204,0.4000000000000001,0.4226415094339622,3.58,2.87,8.8,0.40186915887850466,0.5510204081632655,0.1388888888888889,0.1842105263157895,0.4063105108981679,13.055555555555555,0,1,1,0,0,0,1,0,0,0,0,1,1,0,0,0,0,0,1,0,1,0,0,0,0,0,0,1,0,0,0.05472636815920398
0.2,95,1.0,109.1,0.9072561268620856,0.9569444444444444,55.5,0.6706749418153608,0.4000000000000001,0.3169811320754717,3.01,3.4,23.0,0.27102803738317754,0.26530612244897966,0.3611111111111111,0.2894736842105263,0.43076312000397204,9.038461538461537,1,0,1,0,0,0,1,0,0,0,0,1,0,1,0,0,1,0,0,0,1,0,0,0,0,1,0,0,0,0,0.05472636815920398
0.2,95,1.0,109.1,0.9072561268620856,0.9569444444444444,55.5,0.6105508145849496,0.2,0.3018867924528302,3.78,3.15,9.5,0.308411214953271,0.5102040816326532,0.16666666666666669,0.23684210526315785,0.4346109925028549,12.36842105263158,0,1,1,0,0,0,1,0,0,0,0,1,0,1,0,0,1,0,0,0,1,0,0,0,0,0,0,1,0,0,0.05472636815920398
